liveliness,ambiguous
heart,ambiguous
intent,ambiguous
spirit,ambiguous
emotional_state,ambiguous
spare,like
dislodge,like
barren,like
exempt,like
loose,like
free,like
unblock,like
rid,like
release,like
absolve,like
complimentary,like
detached,like
revengeful,disgust
advice,anticipation
force,sadness
coerce,sadness
wedge,sadness
constrained,sadness
impel,sadness
push,sadness
pull,sadness
storm,sadness
forced,sadness
disgracefully,disgust
attend,fear
hang,fear
bent,fear
cling,fear
capital,like
bang-up,like
big,like
great,like
atrocious,fear
democrat,hope
release,sadness
leave_office,sadness
vacate,sadness
resign,sadness
eagerly,joy
panic,fear
grief,sadness
hatefully,disgust
hapless,sadness
hateful,disgust
protest,disgust
craze,fear
ferocity,fear
fury,fear
refer,anger
concern,anger
business,anger
friendliness,like
displease,disgust
displeasing,disgust
affirm,anticipation
confirm,anticipation
unimportance,disgust
humbleness,disgust
promise,hope
hope,hope
negative,hate
damaging,hate
veto,hate
minus,hate
closing,disgust
settlement,disgust
blockage,disgust
closure,disgust
bright,like
brilliantly,like
undimmed,like
afraid,disgust
isolation,disgust
handy,like
unafraid,calmness
secure,calmness
airheaded,disgust
daunt,fear
side,disgust
slope,disgust
english,disgust
soporific,anticipation
hypnotic,anticipation
plot,joy
bet_on,joy
crippled,joy
game,joy
exemption,hope
freedom,hope
clear,like
solve,like
resolve,like
chic,like
cover_girl,love
miss,disgust
lack,disgust
resignation,sadness
joker,fear
turkey,fear
dangerous,sadness
rend,fear
war,calmness
procure,calmness
batten,calmness
guarantee,calmness
fasten,calmness
plug,calmness
impregnable,calmness
dependable,calmness
crowd,disgust
push,disgust
herd,disgust
amorousness,love
cold,disgust
coldness,disgust
exhilarating,joy
elating,joy
exhilarate,joy
trouble,disgust
problem,disgust
poison,fear
poisoning,fear
bum,like
cheap,like
brassy,like
rich_people,like
cave,disgust
compatibility,like
rest,like
sleep,like
perspiration,disgust
horizon,like
view,like
opinion,like
watch,like
see,like
position,like
scene,like
uncomfortable,disgust
idol,like
paragon,like
entertainment,joy
worsen,disgust
oppressively,sadness
hamper,disgust
shackle,disgust
handicap,disgust
taut,disgust
nasty,disgust
tight,disgust
close,disgust
rigorous,disgust
fast,disgust
compressed,disgust
mean,disgust
besotted,disgust
workshop,like
shop,like
shop_class,like
patronize,like
denounce,like
fierce,anticipation
ferocious,anticipation
cutthroat,anticipation
boisterous,anticipation
force,disgust
tug,disgust
repel,disgust
drive,disgust
drove,disgust
bashful,fear
thoroughly,like
full,like
commodity,like
good,like
beneficial,like
well,like
estimable,like
dear,like
dependable,like
adept,like
effective,like
approve,like
alarmed,fear
alarm,fear
dismay,fear
inefficaciously,disgust
digest,hope
confirm,hope
documentation,hope
accompaniment,hope
subscribe,hope
support,hope
corroborate,hope
back,hope
defend,hope
hold,hope
patronize,hope
dumbfounded,surprise
perplex,surprise
sympathy,like
creaky,hate
arthritic,hate
playboy,disgust
tear,fear
photograph,fear
dart,fear
fritter,fear
film,fear
shoot,fear
inject,fear
blast,fear
exultant,joy
importance,anticipation
approved,like
utilitarian,like
useful,like
irritation,disgust
annoyance,disgust
aggravator,disgust
clamant,disgust
insistent,disgust
probability,hope
sexual_love,love
sleep_together,love
beloved,love
love,love
pamper,like
amble,like
promenade,like
parade,like
diamond,ambiguous
adamant,ambiguous
fearlessness,calmness
ethical,like
honorable,like
honest,like
antipathy,disgust
black_bile,sadness
melancholy,sadness
somber,sadness
delay,disgust
check,disgust
stay,disgust
envy,disgust
tragedy,sadness
calamity,sadness
senior_high_school,anticipation
gamey,anticipation
eminent,anticipation
high_gear,anticipation
high,anticipation
compatible,like
cheerful,joy
predict,fear
fateful,fear
foreboding,fear
awkward,disgust
far,disgust
army_for_the_liberation_of_rwanda,disgust
freeze,disgust
surprise,surprise
storm,surprise
sympathetic,like
charitable,like
harmonic,like
pickpocket,fear
deflect,disgust
crouch,disgust
bent,disgust
bend,disgust
bended,disgust
flex,disgust
appoint,disgust
sicken,disgust
disgust,disgust
annoyed,disgust
annoy,disgust
implant,like
plant,like
establish,like
jealousy,disgust
suspense,anticipation
hopelessly,despair
dispiritedly,despair
guard,anticipation
precaution,anticipation
guard_duty,anticipation
defend,anticipation
malodorous,hate
renovation,like
overhaul,like
pass,like
brake_shoe,disgust
skid,disgust
besot,surprise
liquid_body_substance,joy
abrasion,sadness
grinding,sadness
attrition,sadness
pot,disgust
smoke,disgust
roll_of_tobacco,disgust
fume,disgust
fastball,disgust
peace,calmness
bonheur,joy
protectively,love
belonging,joy
belong,joy
belong_to,joy
smugness,joy
incredibility,disgust
fat,like
deep,like
full-bodied,like
ample,like
rich,like
obstruct,disgust
gladden,joy
gladdened,joy
inoperable,disgust
admiration,like
wonder,like
elaborate,anticipation
complicate,anticipation
detailed,anticipation
scandalmongering,ambiguous
perturb,disgust
trouble_oneself,disgust
worry,disgust
disturb,disgust
fuss,disgust
minimal,disgust
wait,disgust
expect,disgust
all_right,like
finely,like
fine,like
ticket,like
very_well,like
hospitable,like
attraction,anticipation
drawing_card,anticipation
affect,ambiguous
partake,ambiguous
contact,ambiguous
refer,ambiguous
touch,ambiguous
equal,ambiguous
allude,ambiguous
tint,ambiguous
reach,ambiguous
grace,like
good_will,like
dead,calmness
baseless,calmness
idle,calmness
fit,disgust
suit,disgust
equip,disgust
burst,disgust
paroxysm,disgust
match,disgust
meet,disgust
suicide,sadness
fret,disgust
effort,disgust
sweat,disgust
greet,like
sanely,anticipation
reasonably,anticipation
embarrass,disgust
embarrassing,disgust
overboard,disgust
justly,like
right_field,like
correct,like
properly,like
right,like
mighty,like
proper,like
veracious,like
correctly,like
omen,fear
presage,fear
bode,fear
urine,disgust
department_of_defense,calmness
destine,sadness
doomed,sadness
doom,sadness
sentence,sadness
cursed,sadness
entrust,hope
attached,hope
invest,hope
committed,hope
commit,hope
give,hope
perpetrate,hope
gigantic,disgust
violate,disgust
open_frame,disgust
demote,disgust
better,disgust
separate,disgust
transgress,disgust
break,disgust
rupture,disgust
break_in,disgust
fail,disgust
bankrupt,disgust
fault,disgust
unwrap,disgust
crack,disgust
interruption,disgust
interrupt,disgust
pause,disgust
breakage,disgust
collapse,disgust
break_dance,disgust
dampen,disgust
fracture,disgust
respite,disgust
wrath,disgust
anger,disgust
brainy,like
dolorous,sadness
grotesque,fear
antic,fear
dishonor,disgust
shame,disgust
pity,disgust
fresh,like
novel,like
gooey,hate
icky,hate
applaudable,like
basic,ambiguous
courteous,like
edification,anticipation
sophism,anticipation
sophistication,anticipation
apposite,like
apt,like
contentment,joy
failure,disgust
bankruptcy,disgust
resentfully,disgust
unenthusiastically,sadness
agreement,like
yield,anticipation
wage,anticipation
give,anticipation
pay,anticipation
pay_up,anticipation
chill,fear
cool,fear
frisson,fear
amicably,like
inconvenient,disgust
clean,like
acquit,like
absolved,like
authorize,like
clear_up,like
clearly,like
well-defined,like
gain,like
open,like
unclutter,like
net,like
afford,like
unfold,like
opening,like
first_step,like
hatchway,like
orifice,like
possibility,like
readiness,joy
eagerness,joy
handiness,like
helpfulness,like
kindliness,like
frustrating,sadness
thwart,sadness
torment,sadness
expect,ambiguous
have_a_bun_in_the_oven,ambiguous
ask,ambiguous
gleefully,joy
surprisedly,surprise
title,disgust
claim,disgust
call,disgust
abjectly,sadness
resignedly,sadness
overload,disgust
overcharge,disgust
weakly,disgust
decrepit,disgust
airiness,joy
irrepressibility,joy
buoyancy,joy
sanguinity,hope
warmheartedness,love
affection,love
priggish,disgust
cheer,joy
cheerfulness,joy
hate,disgust
stun,surprise
sandbag,surprise
luck,fear
gamble,fear
hazard,fear
guess,fear
venture,fear
wallow,joy
billow,joy
drab,ambiguous
grave,ambiguous
unplayful,ambiguous
sober,ambiguous
sober_up,ambiguous
shooting,fear
daughter,hate
dolefully,sadness
sorrowfully,sadness
projectile,fear
missile,fear
unlucky,sadness
unangry,like
scam,disgust
victimize,disgust
achiever,anticipation
success,anticipation
get_the_better_of,sadness
kill,sadness
defeated,sadness
broken,disgust
girl,sadness
miss,sadness
neglect,sadness
exploit,anticipation
cultivate,anticipation
workplace,anticipation
study,anticipation
oeuvre,anticipation
function,anticipation
work,anticipation
make,anticipation
solve,anticipation
employment,anticipation
bring,anticipation
influence,anticipation
knead,anticipation
ferment,anticipation
shape,anticipation
exercise,anticipation
sour,anticipation
bad,disgust
regretful,disgust
badly,disgust
professional,like
master,like
gust,disgust
misopedia,disgust
indignant,disgust
competent,like
dead,sadness
all_in,sadness
absolutely,sadness
abruptly,sadness
frighteningly,fear
fan,love
lover,love
disgustingly,disgust
panicky,fear
free_radical,fear
extremist,fear
radical,fear
group,fear
revolutionary,fear
root,fear
suffer,joy
converge,joy
meet,joy
fitting,joy
touch,joy
gunman,fear
dollar,like
dense,disgust
black,disgust
dimmed,disgust
dim,disgust
blind,disgust
blur,disgust
massacre,sadness
slaughter,sadness
butcher,sadness
thrashing,sadness
lower,sadness
press_down,sadness
depress,sadness
bathetic,disgust
puppy_love,love
price,disgust
monetary_value,disgust
insecurity,anger
legislator,anticipation
unresentful,like
compunction,sadness
evasion,like
miss,like
scat,like
escape,like
elude,like
get_off,like
safety_valve,like
adequately,like
nobility,like
sadness,sadness
grieve,sadness
sorrow,sadness
argue,anger
warning,fear
admonitory,fear
warn,fear
admonition,fear
fatness,disgust
fatten,disgust
fat,disgust
fatty,disgust
adipose_tissue,disgust
fellate,disgust
breastfeed,disgust
absorb,disgust
suck,disgust
sucking,disgust
nearness,joy
familiarity,joy
closeness,joy
stuffiness,joy
meanness,joy
harass,sadness
woo,anticipation
defeatism,sadness
funeral,sadness
clang,disgust
barge_in,disgust
doss,disgust
crash,disgust
insane,disgust
harebrained,disgust
short,disgust
fiddling,disgust
little,disgust
small,disgust
hard,fear
knockout,fear
smasher,fear
incredible,like
pleasure,like
joy,like
repair,anticipation
sterilize,anticipation
fixate,anticipation
cook,anticipation
localization,anticipation
pay_back,anticipation
fasten,anticipation
specify,anticipation
fix,anticipation
situate,anticipation
blessing,like
approving,like
avaricious,disgust
plead,sadness
sleep_together,like
know,like
acknowledge,like
diffidently,fear
unselfconscious,like
deprecate,disgust
depreciate,disgust
cockroach,fear
affect,love
feign,love
involve,love
military,disgust
seduce,anticipation
sexual_conquest,anticipation
score,anticipation
grudge,anticipation
mark,anticipation
grade,anticipation
discredited,fear
damaged,fear
damage,fear
limit,disgust
terminus_ad_quem,disgust
specify,disgust
restrict,disgust
flaw,disgust
deface,disgust
blemish,disgust
shout,sadness
exclaim,sadness
war_cry,sadness
cry,sadness
uncleanliness,disgust
harvard_university,anticipation
whaler,disgust
functionally,like
noisily,disgust
exuberantly,joy
ebulliently,joy
discouragement,sadness
artless,like
ingenuous,like
affectional,love
adorable,love
fetid,disgust
joylessly,joy
bountiful,like
prostitute,disgust
genius,anticipation
flair,anticipation
brilliance,anticipation
ace,anticipation
libido,like
haunt,fear
ghostwriter,fear
ghost,fear
touch,fear
demonstrator,sadness
faultless,like
immaculate,like
assay,disgust
determine,disgust
bridle,disgust
control,disgust
hindrance,disgust
discipline,disgust
check_mark,disgust
see,disgust
arrest,disgust
confirmation,disgust
folly,fear
craziness,fear
thoughtless,disgust
treaty,anticipation
fevered,ambiguous
exist,hope
outlive,hope
survive,hope
fade,disgust
mellow,disgust
thaw,disgust
melt,disgust
dissolve,disgust
drug,anticipation
magistrate,disgust
agitation,ambiguous
dribble,disgust
fell,disgust
devolve,disgust
spend,disgust
sink,disgust
drop_curtain,disgust
dismiss,disgust
dangle,disgust
flatten,disgust
shed,disgust
drop,disgust
cliff,disgust
neglect,disgust
concern,fear
fear,fear
reverence,fear
vacate,like
evacuate,like
empty,like
jitteriness,anger
slope,like
inclined,like
dispose,like
incline,like
tend,like
disposed,like
elated,joy
elate,joy
peaceable,calmness
peaceful,calmness
pacific,calmness
cowardly,fear
awful,fear
fearful,fear
whip,disgust
whiplash,disgust
embarrassingly,disgust
vow,anticipation
jewel,like
bejewel,like
compilation,disgust
digest,disgust
basement,disgust
cheerlessness,sadness
hideous,disgust
criminal_record,like
phonograph_record,like
record,like
commemorate,like
read,like
opaque,disgust
museum,like
peace,like
misoneism,disgust
wish,like
like,like
liking,like
face_lift,anticipation
ardor,joy
despicable,hate
timorously,fear
defect,disgust
barbarous,fear
firm,like
fast,like
debauched,like
flying,like
distant,sadness
aloof,sadness
decapitate,fear
however,calmness
still,calmness
silent,calmness
even,calmness
placid,calmness
distillery,calmness
inactive,calmness
hush,calmness
calm,calmness
discontentment,sadness
conscience,disgust
sexual_activity,joy
terrorism,fear
gladiolus,joy
beaming,joy
glad,joy
unselfconsciously,like
carnival,anticipation
bonny,anticipation
clean,anticipation
average,anticipation
fairly,anticipation
fair,anticipation
honest,anticipation
bazaar,anticipation
humiliate,sadness
base,sadness
humble,sadness
amicability,like
ardor,love
arouse,disgust
promote,disgust
resurrect,disgust
recruit,disgust
rear,disgust
raise,disgust
enhance,disgust
grow,disgust
lift,disgust
ascent,disgust
vacuum,like
void,like
dander,disgust
genuine,like
true,like
on-key,like
truthful,like
evocative,anticipation
disability,disgust
toll,disgust
bell,disgust
diachronic,anticipation
moth-eaten,disgust
banal,disgust
magnetize,like
capture,like
bewitching,like
hex,like
disagreeableness,disgust
spider,fear
bumper,disgust
imperfectly,disgust
ambition,ambiguous
gymnasium,joy
secondary_school,joy
amazing,like
perplex,like
amaze,like
look_down_on,disgust
stun,disgust
dazed,disgust
dazzle,disgust
livid,disgust
ashen,disgust
black-and-blue,disgust
charitable,love
antagonism,disgust
hostility,disgust
buttocks,disgust
bed,disgust
penetrate,disgust
bottomland,disgust
bottom,disgust
reliable,like
uneager,sadness
clean_and_jerk,like
boisterous,disgust
displace,hate
dissolve,hate
dismiss,hate
antidepressant,hope
justly,anticipation
right_field,anticipation
correct,anticipation
properly,anticipation
right,anticipation
mighty,anticipation
proper,anticipation
good,anticipation
veracious,anticipation
correctly,anticipation
lucky,joy
golden,joy
anxiety,anger
tear,disgust
blame,disgust
cathexis,disgust
mission,disgust
care,disgust
accusation,disgust
load,disgust
agitate,disgust
consign,disgust
bang,disgust
commission,disgust
charge,disgust
commit,disgust
near,joy
cheeseparing,joy
approach,joy
about,joy
dear,joy
approximate,joy
misocainea,disgust
weakness,like
failing,like
helplessness,like
asset,like
trouble,anger
annoyance,anger
pain,anger
tranquilly,calmness
retentive,disgust
long,disgust
hanker,disgust
farseeing,disgust
cripple,sadness
brush,disgust
clash,disgust
collide,disgust
avid,like
bid,like
command,like
offer,like
invite,like
unrest,ambiguous
plaza,like
focus_on,like
concentrate,like
kernel,like
center,like
center_field,like
hesitance,fear
bereaved,sadness
bereave,sadness
traffic,disgust
dealings,disgust
fully,disgust
amply,disgust
in_full,disgust
dainty,disgust
apprehensive,fear
uncheerfulness,sadness
exemplary,like
exemplar,like
mannequin,like
model,like
huge,anticipation
batch,disgust
mess,disgust
fix,disgust
retool,anticipation
revise,anticipation
revision,anticipation
fudge,disgust
juke,disgust
forge,disgust
fake,disgust
bogus,disgust
talk_through_one's_hat,disgust
imposter,disgust
jest,joy
antic,joy
joke,joy
dysphoric,sadness
maestro,anticipation
approval,like
deplorable,sadness
sad,sadness
tickling,joy
tickle,joy
titillating,joy
erotic,joy
titillate,joy
guerrilla,sadness
insurgent,sadness
heedful,like
thoughtful,like
alarm,anticipation
alert,anticipation
pornography,disgust
encouragingly,hope
united_nations,anticipation
exceed,like
exceeding,like
surpass,like
fawn,fear
dun,fear
accept,like
take,like
bear,like
curfew,disgust
observe,like
respect,like
detect,like
note,like
picket,disgust
pale,disgust
enormous,like
welcome,like
lividness,disgust
lividity,disgust
solicitous,anger
judge,anticipation
department_of_justice,anticipation
justice,anticipation
attract,like
awe,surprise
awed,surprise
parent,hate
rear,hate
argument,disgust
controversy,disgust
argumentation,disgust
help,hope
facilitate,hope
roll_out,ambiguous
cast,ambiguous
peal,ambiguous
wind,ambiguous
seethe,ambiguous
wheel,ambiguous
bankroll,ambiguous
axial_rotation,ambiguous
bun,ambiguous
paradiddle,ambiguous
roller,ambiguous
coil,ambiguous
scroll,ambiguous
roll,ambiguous
hustle,ambiguous
personality,like
yield,disgust
wage,disgust
give,disgust
pay,disgust
pay_up,disgust
smother,surprise
stifle,surprise
suffocate,surprise
weave,disgust
thread,disgust
screw_thread,disgust
string,disgust
train_of_thought,disgust
ribbon,disgust
despiteful,disgust
frighten,fear
write_down,anticipation
depress,anticipation
get_down,anticipation
lower,anticipation
swallow,anticipation
unhorse,anticipation
chip,like
wrinkle,like
crispen,like
crisp,like
worst,disgust
boyfriend,love
drivel,disgust
garbage,disgust
aggressiveness,disgust
belligerence,disgust
misconstrue,disgust
misogynic,disgust
regretful,sadness
colt,disgust
disgusted,disgust
proudly,joy
security,calmness
security_system,calmness
complicate,surprise
waterfront,like
dismally,fear
dreadfully,fear
adventurous,anticipation
fortunate,joy
disbelieve,disgust
despairing,fear
desperate,fear
amicable,like
abhorrent,disgust
willing,like
will,like
bequeath,like
volition,like
uncoerced,like
hard,hate
dangerous,hate
severe,hate
austere,hate
apologize,like
aroused,like
emotional,like
crack_up,anger
break_down,anger
collapse,anger
crash,anger
crumble,anger
flop,anger
bet_on,anger
impale,anger
post,anger
interest,anger
stake,anger
venture,anger
sadly,sadness
deplorably,sadness
nauseating,disgust
composure,calmness
sedate,calmness
calm_air,calmness
steady,calmness
contest,ambiguous
entrust,ambiguous
bequeath,ambiguous
farewell,ambiguous
leave,ambiguous
forget,ambiguous
exit,ambiguous
impart,ambiguous
indignation,disgust
sensationally,ambiguous
costly,anticipation
dearly,anticipation
lamb,anticipation
beloved,anticipation
dear,anticipation
burn,disgust
displace,disgust
fuel,disgust
fire,disgust
open_fire,disgust
ardor,disgust
adjust,like
adapt,like
blunt,hate
petroleum,hate
crude,hate
unrefined,hate
acceptable,like
satisfactory,like
bracing,like
newly,like
likable,like
happiness,joy
spang,disgust
sleep_together,disgust
slam,disgust
hit,disgust
knock,disgust
murderousness,disgust
grizzle,disgust
stew,disgust
retaliation,fear
displeasure,disgust
brainsick,fear
crazy,fear
deceptive,surprise
wound,disgust
injury,disgust
gloatingly,joy
determent,sadness
bullying,sadness
intimidation,sadness
top,anticipation
exceed,anticipation
circus_tent,anticipation
lead,anticipation
clear,anticipation
acme,anticipation
crown,anticipation
peak,anticipation
plodding,disgust
drudgery,disgust
leaden,disgust
slog,disgust
felicitous,joy
happy,joy
coerce,disgust
cryptic,like
trench,like
thick,like
bass,like
abstruse,like
deeply,like
nonfatal,calmness
hysteric,fear
hysterical,fear
beautiful,like
modest,disgust
humble,disgust
minor,disgust
belittled,disgust
curse,disgust
bane,disgust
execration,disgust
hex,disgust
excommunicate,disgust
unstimulating,sadness
unexciting,sadness
unashamed,like
earnestness,anticipation
seriousness,anticipation
complacent,joy
exuberate,joy
rejoice,joy
agency,anticipation
authority,anticipation
assurance,anticipation
write,like
deliver,like
salvage,like
keep_open,like
save,like
unhelpful,disgust
chaos,anger
politics,disgust
government,disgust
impossible,disgust
compel,anticipation
compelling,anticipation
rush,disgust
raceway,disgust
subspecies,disgust
race,disgust
slipstream,disgust
horrifyingly,fear
quilt,like
ease,like
comfort,like
consolation,like
bactericidal,disgust
disinfectant,disgust
fatness,like
fatten,like
fatty,like
adipose_tissue,like
plaza,anticipation
focus_on,anticipation
concentrate,anticipation
kernel,anticipation
center,anticipation
center_field,anticipation
exultantly,joy
lavishness,love
luxury,love
discomfort,disgust
security,anticipation
security_system,anticipation
fallible,disgust
progressive,disgust
imperfect,disgust
donor,hope
disagreeable,disgust
excellent,like
bright,love
brilliant,love
brainy,love
movie,joy
jollity,joy
gloominess,sadness
unoriginal,disgust
malefic,disgust
malevolent,disgust
deny,disgust
traverse,disgust
weepiness,sadness
belligerently,disgust
team,like
maliciously,disgust
collar,ambiguous
check,ambiguous
arresting,ambiguous
catch,ambiguous
halt,ambiguous
delightful,like
appliance,like
pleasing,joy
please,joy
cleanse,like
achiever,joy
success,joy
low,disgust
depleted,disgust
moo,disgust
abject,disgust
gloomy,disgust
first_gear,disgust
eject,disgust
squirt,disgust
exhaust,disgust
sanely,like
cause_of_death,fear
killer_whale,fear
killer,fear
begrimed,disgust
dirty,disgust
attractive,like
conclusion,disgust
goal,disgust
end,disgust
assuasive,calmness
scope,anticipation
achieve,anticipation
pass,anticipation
compass,anticipation
range,anticipation
reach,anticipation
strive,anticipation
crackdown,disgust
joy,joy
influenza,fear
infamy,disgust
malicious,disgust
damp,disgust
muffle,disgust
dally,ambiguous
playing_period,ambiguous
bid,ambiguous
looseness,ambiguous
fun,ambiguous
play,ambiguous
maneuver,ambiguous
free_rein,ambiguous
bet,ambiguous
shimmer,ambiguous
turn,ambiguous
bring,ambiguous
gambling,ambiguous
act,ambiguous
meet,ambiguous
toy,ambiguous
issue,anticipation
provide,anticipation
add,anticipation
provision,anticipation
supply,anticipation
appreciate,like
prize,like
discreditable,disgust
brilliant,like
amazing,surprise
astonishing,surprise
amaze,surprise
uninjured,joy
efficaciously,anticipation
heavyhearted,sadness
unready,disgust
sincere,like
earnest,like
breeze_through,like
angiotensin_converting_enzyme,like
one,like
allied_command_europe,like
ace,like
appreciative,like
unfriendly,disgust
hostile,disgust
enthusiastic,joy
acclaim,disgust
hail,disgust
disinclination,disgust
reluctance,disgust
scandal,disgust
enfeeble,disgust
drain,disgust
modern,like
mod,like
advanced,like
megascopic,disgust
murder,disgust
shoot,disgust
strike,disgust
score,disgust
stumble,disgust
reach,disgust
collision,disgust
contempt,disgust
amusing,like
amuse,like
bright,anticipation
brilliantly,anticipation
undimmed,anticipation
intimate,love
sexual,love
bollywood,surprise
helplessness,sadness
hardy,calmness
audacious,calmness
victory,joy
landmark,joy
innocent,calmness
impeccant,calmness
barren,calmness
wall,ambiguous
rampart,ambiguous
cleanness,like
sightsee,like
sightseeing,like
edgy,anger
triumphantly,joy
new_york,like
screech,sadness
shriek,sadness
scream,sadness
excess,like
supernumerary,like
extra,like
health,like
unassertiveness,fear
discouraging,despair
warn,despair
discourage,despair
deter,despair
cool,calmness
aplomb,calmness
believe,hope
think,hope
light_up,like
fall,like
luminosity,like
ignite,like
alight,like
sparkle,like
faint,like
lightly,like
lighter,like
inner_light,like
idle,like
light,like
abstemious,like
unhorse,like
easy,like
unaccented,like
chew_over,hope
unregretful,joy
thank,like
oblivion,disgust
limbo,disgust
gay,joy
homosexual,joy
brave,joy
cheery,joy
matter_to,like
concern,like
interesting,like
interest,like
cynical,sadness
abandon,disgust
wildness,disgust
vacate,disgust
unfamiliar,disgust
huffish,disgust
invoke,like
appeal,like
appealing,like
hark_back,anticipation
return_key,anticipation
come_back,anticipation
recurrence,anticipation
reelect,anticipation
retort,anticipation
return,anticipation
fall,anticipation
render,anticipation
restitution,anticipation
reappearance,anticipation
tax_return,anticipation
rejoinder,anticipation
refund,anticipation
revert,anticipation
interfering,anger
busy,anger
obstruction,disgust
lose,disgust
fall_back,disgust
misplace,disgust
suffer,disgust
fink,fear
informer,fear
denounce,fear
rat,fear
rotter,fear
scab,fear
togetherness,joy
fishy,ambiguous
distrust,ambiguous
defendant,ambiguous
suspect,ambiguous
queue,disgust
line_up,disgust
coma,fear
cloudy,disgust
professionally,like
nasty,fear
frightful,fear
amazing,fear
terribly,fear
awed,fear
joyful,joy
colored,like
tinge,like
biased,like
bleached,like
discolor,like
colored_person,like
color,like
arouse,ambiguous
stir,ambiguous
raise,ambiguous
stimulate,ambiguous
bustle,ambiguous
resentful,disgust
disfavor,disgust
dislike,disgust
satisfactory,joy
fear,surprise
solicitously,anger
frustrating,disgust
thwart,disgust
torment,disgust
cripple,disgust
crippled,disgust
feverish,ambiguous
febrile,ambiguous
astonishment,surprise
complete,like
end,like
finish,like
eat_up,like
finished,like
finish_up,like
inoffensive,like
euphemistic,like
insecurely,anger
inflame,like
heat,like
heated,like
ill-sorted,disgust
incompatible,disgust
uncongenial,disgust
inappropriate,disgust
antagonistic,disgust
discrepant,disgust
contrastive,disgust
qualify,disgust
overlord,anticipation
overcome,anticipation
victor,anticipation
dominate,anticipation
master,anticipation
headmaster,anticipation
chief,anticipation
passkey,anticipation
enthusiastically,joy
sky-high,joy
cruelty,fear
department_of_education,like
education,like
affect,disgust
come_to,disgust
assume,disgust
fall,disgust
mint,disgust
rap,disgust
fall_upon,disgust
strickle,disgust
adorably,love
son,love
intrusive,disgust
diffidence,fear
curse,anger
oath,anger
humility,sadness
battle,fear
conflict,fear
struggle,fear
faint,disgust
weak,disgust
watery,disgust
unaccented,disgust
covet,disgust
comparable,like
alike,like
preference,like
predilection,like
freak_out,disgust
addict,disgust
freak,disgust
satisfy,joy
alien,disgust
alienated,disgust
estrange,disgust
alienate,disgust
slant,sadness
system_of_weights,sadness
weight_unit,sadness
weight,sadness
burden,sadness
lean,disgust
tend,disgust
list,disgust
tilt,disgust
thin,disgust
deserving,anticipation
deserve,anticipation
class_feeling,disgust
punish,sadness
complain,sadness
wrathful,disgust
fall_through,fear
right,fear
flop,fear
floating-point_operation,fear
admirable,like
fever,ambiguous
baffling,disgust
baffle,disgust
perplex,disgust
compatibly,like
fidget,anger
maltreatment,fear
causeless,joy
fortuitous,joy
quick,anger
warmly,anger
ardent,anger
strong,anger
warm,anger
affectionate,anger
affectionateness,like
affection,like
fondness,like
rape,fear
angered,disgust
rickety,like
shaky,like
precarious,like
sentimentalist,love
romantic,love
romanticist,love
stage_fright,fear
dry,ambiguous
ironic,ambiguous
protection,hope
tax_shelter,hope
shelter,hope
afraid,anger
dull,disgust
numb,disgust
boring,disgust
pall,disgust
disgusting,disgust
excessive,anticipation
impersonal,disgust
implicated,anger
concerned,anger
benefic,love
solution,anticipation
maleficence,disgust
pique,disgust
equip,like
exuberance,joy
shorten,disgust
bowdlerize,disgust
abridge,disgust
designed,anticipation
design,anticipation
plan,anticipation
all_right,disgust
finely,disgust
fine,disgust
ticket,disgust
very_well,disgust
sewage,disgust
supportive,hope
educate,like
coach,like
discipline,like
trail,like
aim,like
train,like
prepare,like
trained,like
afraid,fear
loud,disgust
forte,disgust
loudly,disgust
brassy,disgust
blow_out,disgust
float,disgust
coke,disgust
shock,disgust
botch,disgust
shove_off,disgust
reverse,disgust
boast,disgust
blow,disgust
waste,disgust
lawgiver,anticipation
administrator,like
presidency,anticipation
administration,anticipation
government,anticipation
lovable,like
heartlessly,fear
diffident,fear
glooming,sadness
preservation,like
conservation,like
despisal,disgust
ashamed,disgust
coolness,calmness
coldness,calmness
chilliness,calmness
unfavorable,disgust
malice,disgust
malevolence,disgust
beneficially,love
soulless,disgust
overturn,anger
overturned,anger
disturb,anger
disorder,anger
disquieted,anger
swage,anger
broken,anger
disturbance,anger
upset,anger
decoration,like
indignantly,disgust
coarse,disgust
unhesitating,calmness
dolor,sadness
inexcusable,anger
truth,like
accuracy,like
know,joy
populate,joy
survive,joy
exist,joy
be,joy
live,joy
surviving,joy
animation,joy
support,joy
living,joy
life,joy
spang,joy
sleep_together,joy
slam,joy
hit,joy
bang,joy
knock,joy
arrant,disgust
impersonal,love
achromatic,love
neutral,love
inert,love
proud,joy
gallant,joy
concede,hope
unhappy,sadness
infelicitous,sadness
walk_of_life,anticipation
walk,anticipation
base_on_balls,anticipation
sorrowful,sadness
perturb,anger
storm,disgust
ramp,disgust
insecure,disgust
guilty,disgust
wide,like
broad,like
across-the-board,like
fall_short_of,sadness
angst,anger
communicate,disgust
run,disgust
travel_by,disgust
exceed,disgust
pass,disgust
die,disgust
base_on_balls,disgust
legislate,disgust
guide,disgust
elapse,disgust
authorize,disgust
bye,disgust
passing,disgust
happen,disgust
excrete,disgust
evanesce,disgust
pas,disgust
vindictiveness,disgust
fame,like
stomp,anticipation
disabled,sadness
disable,sadness
revengefully,disgust
helm,hope
reassuring,calmness
reassure,calmness
mosquito,disgust
philogyny,like
oklahoma,like
kind,calmness
sanguine,hope
rubicund,hope
teach,anticipation
drafty,disgust
saponaceous,disgust
inefficacious,disgust
peaceably,calmness
better,like
bettor,like
discouragingly,despair
cigarette,disgust
blank,like
fairly,like
scavenge,like
houseclean,like
uninfected,like
annoying,disgust
dedicate,hope
consecrated,hope
dedicated,hope
bikini,like
surprised,surprise
heartlessness,fear
inadequate,sadness
go,anticipation
run,anticipation
leave,anticipation
head,anticipation
conduct,anticipation
spark_advance,anticipation
tip,anticipation
jumper_cable,anticipation
star,anticipation
precede,anticipation
moderate,anticipation
leash,anticipation
contribute,anticipation
softheartedness,like
tenderness,like
cast,disgust
mildew,disgust
model,disgust
shape,disgust
mold,disgust
conviction,disgust
exhilaration,joy
self-disgust,disgust
pleasant,like
militia,fear
space,anticipation
quad,anticipation
outer_space,anticipation
distance,anticipation
nightmare,fear
animated,joy
alive,joy
alert,joy
active,joy
overheat,disgust
immaculately,love
condemn,disgust
sentence,disgust
replenish,like
agreeableness,joy
attentive,like
sin,fear
hell,fear
content,joy
capacity,joy
message,joy
contented,joy
contentedness,joy
subject,joy
professionalism,anticipation
repent,sadness
promote,like
upgrade,like
ascent,like
delight,like
enjoy,like
love,like
dissatisfaction,sadness
tasty,like
misogyny,disgust
confusedly,disgust
incoherent,disgust
timidity,fear
worry,anger
fumigate,disgust
reek,disgust
top-flight,surprise
reassured,calmness
favor,like
party_favor,like
privilege,like
prefer,like
amber,like
aureate,like
gold,like
disapproval,disgust
gloom,sadness
despondency,sadness
sulk,disgust
brood,disgust
organ_pipe,disgust
shriek,disgust
pipe,disgust
impenitently,joy
little,ambiguous
modest,ambiguous
small,ambiguous
humble,ambiguous
minor,ambiguous
belittled,ambiguous
craft,like
crafty,like
cunning,like
clever,like
confused,disgust
confuse,disgust
jumble,disgust
baffled,disgust
apprehension,disgust
collar,disgust
choker,disgust
amazingly,surprise
hapless,disgust
poor_people,disgust
poor,disgust
inadequate,disgust
covetous,disgust
hysterically,fear
ending,like
stopping_point,like
termination,like
conclusion,like
decision,like
beauty,like
smasher,like
downtrodden,sadness
choice,like
trophy,like
pry,like
loot,like
dignity,anticipation
cozy,anticipation
cosy,anticipation
dysphemistic,disgust
offensive,disgust
offense,disgust
unsavory,disgust
dishearten,sadness
uncreativeness,disgust
centrally,like
deplorable,anger
distress,anger
distressing,anger
straiten,anger
prevent,fear
continue,fear
retain,fear
keep,fear
observe,fear
sustain,fear
restrain,fear
support,fear
keep_open,fear
hold,fear
preserve,fear
angry,disgust
enough,anticipation
adequate,anticipation
grudge,disgust
shiver,fear
tremor,fear
shudder,fear
unpleasant,disgust
sweetness,like
sweetly,like
sweet,like
dulcet,like
angelic,like
sugared,like
dessert,like
gratifying,like
odoriferous,like
exclude,disgust
shutting,disgust
brotherly,like
bird's-eye,like
closed,disgust
unkindly,disgust
unsympathetic,disgust
sisterly,disgust
aggression,disgust
bonus,like
unsupportive,despair
amative,love
morsel,disgust
sting,disgust
pungency,disgust
bite,disgust
satisfied,joy
quenched,joy
winter,disgust
adore,love
adoring,love
keenly,like
anxious,anger
awkward,anger
restless,anger
uneasy,anger
impression,surprise
notion,surprise
quilt,joy
ease,joy
comfort,joy
consolation,joy
familiar,like
intimate,like
inner,like
cozy,like
suggest,like
confidant,like
endanger,fear
threaten,fear
unsatisfactorily,sadness
efficient,like
shy,fear
misanthropy,disgust
inflict,like
chew_the_fat,like
visit,like
travel_to,like
sojourn,like
successor,anticipation
heir,anticipation
backsliding,hope
lapse,hope
decapitation,fear
gamble,like
adventure,like
venture,like
provocative,like
expect,anticipation
have_a_bun_in_the_oven,anticipation
ask,anticipation
helpful,like
humid,disgust
agony,fear
anguish,fear
distortion,fear
torture,fear
torment,fear
warmly,like
heartily,like
arrant,like
consummate,like
imprison,disgust
hard,ambiguous
firm,ambiguous
potent,ambiguous
strong,ambiguous
solid,ambiguous
impregnable,ambiguous
alienation,disgust
clue,hope
hint,hope
exoticism,like
magnet,anticipation
mournfulness,sadness
sensitivity,disgust
care,hope
aid,hope
cliff-hanging,anticipation
faultless,love
war,fear
warpath,disgust
favorable,like
friendly,like
golden,like
cheapjack,disgust
spell,like
charm,like
champion,ambiguous
defend,ambiguous
fight,ambiguous
maintain,ambiguous
jealous,disgust
impatient,anger
improvement,disgust
enviably,disgust
sinkhole,disgust
dip,disgust
slump,disgust
cesspool,disgust
bury,disgust
achiever,like
arouse,fear
burn,fear
displace,fear
fuel,fear
fire,fear
open_fire,fear
ardor,fear
dolefulness,sadness
blue,sadness
gloomy,sadness
creaky,sadness
woebegone,sadness
smug,joy
fastening,love
attachment,love
hitler,fear
defy,disgust
refuse,disgust
reject,disgust
resist,disgust
shamefaced,disgust
choice,anticipation
timbre,anticipation
quality,anticipation
rampage,fear
raw,like
newfangled,like
new,like
sadden,sadness
crafty,disgust
exacerbate,disgust
aggravated,disgust
lavishness,like
extravagance,like
unprovocative,disgust
reasonable,anticipation
gloomily,sadness
dysphoria,sadness
amber,hope
aureate,hope
gold,hope
dangerous,anticipation
unplayful,anticipation
serious,anticipation
gladness,joy
winner,anticipation
heliotherapy,disgust
display,joy
appearance,joy
usher,joy
picture,joy
indicate,joy
testify,joy
read,joy
show,joy
prove,joy
express,joy
anticipate,anticipation
predict,anticipation
quilt,hope
ease,hope
comfort,hope
consolation,hope
big_cat,disgust
unneurotic,calmness
self-pity,sadness
net_income,like
profit,like
nuclear,fear
grant,anticipation
allow,anticipation
concede,anticipation
award,anticipation
concession,anticipation
accord,anticipation
ageless,disgust
easing,like
respite,like
stand-in,like
relief,like
guilt,sadness
appropriate,like
get,like
confusion,disgust
umbrage,disgust
musician,joy
favorably,like
ripe,anticipation
advanced,anticipation
hilarity,joy
abject,sadness
pantry,disgust
buttery,disgust
discourtesy,fear
umbrage,fear
offense,fear
crime,fear
break,fear
erupt,fear
blizzard,fear
rash,fear
dreadful,fear
gun,fear
grease-gun,fear
artillery,fear
accelerator,fear
analyze,hate
fail,hate
decompose,hate
break_down,hate
crumble,hate
contrite,sadness
iniquity,disgust
colored,disgust
night,disgust
dark,disgust
darkness,disgust
blue,disgust
benighted,disgust
satiable,joy
award,like
batch,anticipation
beguiled,like
juggle,like
cheating,disgust
reassuringly,calmness
shamefacedness,disgust
end,fear
death,fear
nefariousness,disgust
ugliness,disgust
chip,ambiguous
wrinkle,ambiguous
crispen,ambiguous
crisp,ambiguous
unappreciative,disgust
equable,calmness
ingratitude,like
pessimism,despair
performance,fear
murder,fear
execution,fear
unacceptable,disgust
satisfactorily,joy
bargain,disgust
steal,disgust
flower,like
premier,like
prime,like
jiggle,like
wiggle,like
illusion,anticipation
fantasy,anticipation
intolerable,anger
embarrassment,disgust
overplus,disgust
display,anticipation
expose,anticipation
conversant,love
familiar,love
companion,love
break_even,like
toss_off,disgust
depressed,disgust
polish,disgust
down,disgust
devour,disgust
poet,anticipation
fondly,love
landmark,ambiguous
espouse,love
embrace,love
human_immunodeficiency_virus,fear
bombastic,anticipation
large,anticipation
big,anticipation
boastfully,anticipation
loving,love
get_off,disgust
hop_out,disgust
send,disgust
mail,disgust
unhorse,disgust
trip,disgust
prediction,anticipation
anticipation,anticipation
indispose,disgust
disqualify,disgust
gladsome,joy
calmly,calmness
sedately,calmness
comfortableness,joy
hideous,fear
dislikable,disgust
ladle,sadness
load,sadness
laden,sadness
solicitude,anger
balcony,like
drollery,like
conventional,calmness
ceremonious,calmness
consider,disgust
argue,disgust
debate,disgust
pride,joy
demoralization,sadness
electricity,ambiguous
demoralized,disgust
warn,disgust
discourage,disgust
deter,disgust
discouraged,disgust
amazed,surprise
privacy,like
disgraceful,disgust
slippery,fear
crusade,fear
competitiveness,fear
fight,fear
contend,fear
dejected,sadness
passive,calmness
resentment,disgust
fail,sadness
die,sadness
refer,like
business,like
mummy,ambiguous
ma,ambiguous
impatiently,anger
fortunate,hope
fontanelle,love
soft_spot,love
weak_part,love
creativity,anticipation
unconcerned,calmness
kin,like
class,like
family,like
syndicate,like
toss_off,sadness
killing,sadness
stamp_out,sadness
promise,ambiguous
hope,ambiguous
admirably,like
despair,despair
afford,calmness
capable,calmness
receptive,calmness
overt,calmness
unfold,calmness
candid,calmness
exposed,calmness
loose,calmness
clear,calmness
assailable,calmness
outdoors,calmness
open,calmness
unique,anticipation
alone,anticipation
singular,anticipation
discriminate,like
fail,fear
bomb,fear
bomb_calorimeter,fear
bombard,fear
scantily,disgust
accurately,disgust
condemnable,sadness
bombing,fear
alliance,anticipation
confederation,anticipation
idolize,love
worship,love
bombshell,surprise
glitter,like
glow,like
radiance,like
shine,like
polish,like
reflect,like
slowly,like
comfortable,like
easily,like
esteem,love
respect,love
attentiveness,love
see,love
gaze,love
regard,love
blabbermouthed,like
leaky,like
huffily,disgust
luck,like
fortune,like
appropriate,disgust
seize,disgust
impound,disgust
grab,disgust
police,anticipation
patrol,anticipation
celebrated,like
celebrate,like
lionize,like
blind,sadness
subterfuge,sadness
outdated,disgust
languor,calmness
joyless,joy
unsatisfactory,sadness
audacity,anticipation
efficacious,anticipation
effective,anticipation
unable,disgust
ineffective,disgust
cheerlessly,sadness
ebullient,joy
amatory,love
retire,like
adjourn,like
go_to_bed,like
put_out,like
retiring,like
withdraw,like
past,like
reticent,like
protective,love
prod,ambiguous
incite,ambiguous
motivate,ambiguous
despicable,disgust
surly,disgust
ugly,disgust
atrocious,disgust
wound,sadness
injury,sadness
fishy,fear
distrust,fear
defendant,fear
suspect,fear
preen,joy
deceive,hate
dearly-won,disgust
costly,disgust
slender,like
thin,like
sparse,like
thinly,like
reduce,like
dilute,like
flimsy,like
headliner,like
star,like
asterisk,like
star_topology,like
leading,like
dispiritedly,sadness
euphoria,joy
sense,ambiguous
sensation,ambiguous
ace,ambiguous
cleanliness,like
illegal,disgust
injustice,disgust
shoehorn,disgust
redecorate,ambiguous
epidemic,fear
ambition,anticipation
extend,like
volunteer,like
propose,like
crack,like
put_up,like
illiterate,disgust
ignorant,disgust
sulk,anger
brood,anger
grizzle,anger
perfectly,like
absolutely,like
cruise,joy
signal,fear
bless,fear
polarity,fear
sign_of_the_zodiac,fear
sign,fear
augury,fear
gestural,fear
signboard,fear
military_personnel,fear
serviceman,fear
crusade,ambiguous
shake,ambiguous
agitate,ambiguous
violence,fear
cruelly,fear
rescue,like
dudgeon,disgust
cleverly,like
antsy,anger
classicist,disgust
complaisance,like
deference,like
lie,like
perch,like
stay,like
pillow,like
rested,like
uranium,disgust
discrepancy,disgust
disagreement,disgust
well,joy
comfortably,joy
infuriate,disgust
enviously,disgust
anxiousness,anger
defy,ambiguous
make_bold,ambiguous
dare,ambiguous
warmhearted,love
measly,sadness
miserable,sadness
hesitantly,fear
pessimistically,despair
bally,disgust
freelancer,anticipation
mugwump,anticipation
independent,anticipation
autonomous,anticipation
horde,disgust
accept,anticipation
accommodate,anticipation
admit,anticipation
manually,disgust
total_darkness,disgust
bootleg,disgust
blacken,disgust
publicize,disgust
unsheathed,disgust
denude,disgust
bare,disgust
plain,disgust
hero_worship,like
dream,anticipation
pipe_dream,anticipation
near,like
cheeseparing,like
approach,like
about,like
approximate,like
unbeneficed,disgust
darkness,fear
shadow,fear
tail,fear
trace,fear
apparition,fear
terribly,hate
let,anticipation
license,anticipation
permit,anticipation
queer,fear
dim-witted,anticipation
elementary,anticipation
simple,anticipation
bare,anticipation
simpleton,anticipation
childlike,anticipation
lovingness,love
affectionateness,love
enviable,disgust
protectiveness,love
elegance,love
exasperating,disgust
aggravating,disgust
princess,like
avail,hope
assistant,hope
serve,hope
help_oneself,hope
antibiotic,hope
discontent,sadness
discontented,sadness
fiercely,anticipation
ferociously,anticipation
give_birth,hope
euphoriant,joy
exalted,hope
exalt,hope
inspire,hope
laud,hope
exhilarate,hope
inadequately,disgust
fearfully,fear
boutique,joy
marry,like
wedding,like
marriage,like
bakery,like
assumed,disgust
false,disgust
delusive,disgust
faithlessly,disgust
brainsick,disgust
crazy,disgust
kindhearted,like
repentance,sadness
ample,anticipation
relax,like
slack,like
loosen,like
lull,like
quietly,like
repose,like
hushed,like
placid,like
quieten,like
tranquillity,like
silence,like
quiet,like
calm,like
kindheartedness,like
rare,ambiguous
huffy,disgust
acquittal,like
cold,calmness
devotion,love
idolatry,love
squat,disgust
insect,disgust
worm,disgust
jealously,disgust
pastry,like
youthful,like
young,like
unseasoned,like
apprehension,fear
understanding,fear
sexual_intercourse,anticipation
congress,anticipation
shrive,like
accommodating,like
suit,like
oblige,like
accommodate,like
lodge,like
honest-to-god,disgust
erstwhile,disgust
old,disgust
previous,disgust
afford,disgust
unfold,disgust
opening,disgust
first_step,disgust
hatchway,disgust
orifice,disgust
open,disgust
possibility,disgust
ungrateful,disgust
swamp,disgust
drench,disgust
imbrue,disgust
comfortable,joy
adequate,like
captivation,like
fascination,like
shout,disgust
yell,disgust
cry,disgust
addition,hope
amplification,hope
reach,hope
advance,hope
acquire,hope
gain,hope
profit,hope
derive,hope
koran,fear
ledger,fear
reserve,fear
book,fear
record,fear
script,fear
bible,fear
err,disgust
error,disgust
mistake,disgust
unfortunate,sadness
inauspicious,sadness
lineal,anticipation
steer,anticipation
calculate,anticipation
directly,anticipation
send,anticipation
aim,anticipation
target,anticipation
mastermind,anticipation
direct,anticipation
address,anticipation
pitiless,fear
unkind,fear
repose,calmness
tranquillity,calmness
incontrovertible,love
convinced,love
positivist,love
plus,love
positive,love
cocksure,love
slap,disgust
smack,disgust
suspense,fear
horror,fear
repugnance,fear
risk,anger
danger,anger
advance,anticipation
advancement,anticipation
progress,anticipation
build_up,anticipation
doleful,sadness
mournful,sadness
intoxicated,disgust
elate,disgust
intoxicate,disgust
plaintiff,calmness
insecure,anger
shine,joy
air,joy
glow,joy
beam,joy
fearful,hate
atrocious,hate
frightful,hate
alarm_clock,fear
uncommitted,sadness
available,sadness
unattached,sadness
combatant,fear
evasion,disgust
scat,disgust
escape,disgust
elude,disgust
safety_valve,disgust
attention,ambiguous
care,ambiguous
hopefulness,hope
contemn,disgust
misery,sadness
indict,sadness
fun,joy
playfulness,joy
pleased,joy
gag,fear
smother,fear
suffocate,fear
relish,disgust
big_h,disgust
carnival,like
circus,like
behave,hope
acquit,hope
disinclined,disgust
wet,disgust
moisture,disgust
cull,disgust
rule_out,disgust
disapprove,disgust
cagey,like
busyness,disgust
harkat-ul-mujahidin,disgust
hum,disgust
restlessness,anger
impatience,anger
promontory,anticipation
capitulum,anticipation
forefront,anticipation
headway,anticipation
point,anticipation
heading,anticipation
oral_sex,anticipation
principal,anticipation
question,anticipation
fountainhead,anticipation
mind,anticipation
drumhead,anticipation
hopeless,despair
calmness,calmness
decent,like
nice,like
dainty,like
despondent,sadness
lengthen,like
penitent,sadness
abhor,disgust
cleaning,like
unmalicious,like
carefreeness,joy
appropriate,fear
allow,fear
civil,like
unsympathetically,disgust
soundproof,disgust
despairingly,sadness
hesitant,fear
hilarious,joy
evasion,anticipation
miss,anticipation
scat,anticipation
escape,anticipation
elude,anticipation
get_off,anticipation
safety_valve,anticipation
smell,disgust
spirit,disgust
olfactory_property,disgust
tourism,like
lyric,like
dizzy,disgust
finale,joy
close_up,joy
close,joy
airless,joy
conclude,joy
conclusion,joy
stopping_point,joy
bribe,like
bargain,like
buy,like
good_time,fear
smash,fear
gust,fear
bang,fear
savage,fear
appreciatively,like
ideal,love
bulky,disgust
holiday,like
vacation,like
godforsaken,disgust
neutralize,disgust
lay_waste_to,disgust
barren,disgust
thriftlessness,disgust
consume,disgust
pine_away,disgust
praise,love
impenitent,joy
penitently,sadness
finale,like
close_up,like
close,like
airless,like
conclude,like
regrettable,sadness
troop,fear
parade,fear
siege,fear
extremist,disgust
central,like
cardinal,like
cramped,disgust
cramp,disgust
gratitude,like
unfinished,disgust
congratulation,like
assertive,calmness
get_the_better_of,anticipation
breathless,love
illuminate,like
kindle,ambiguous
inflame,ambiguous
discovery,hope
penitential,sadness
unloving,disgust
please,like
pleased,like
beady,like
go,like
while,like
enchantment,like
self-conscious,disgust
frightened,fear
alarm,anger
dismay,anger
alarm_clock,anger
fault,fear
fracture,fear
adolescent,disgust
amok,disgust
amuck,disgust
woe,sadness
suffering,sadness
admit,like
prevail,joy
triumph,joy
gloat,joy
tire,disgust
wear,disgust
careworn,disgust
worn,disgust
lie,fear
dwell,fear
lie_down,fear
pond,joy
original,like
malevolently,disgust
napoleon,like
nap,like
pile,like
commend,anticipation
recommend,anticipation
expansive,joy
worth,anticipation
discredited,disgust
discredit,disgust
placidly,calmness
lie,anticipation
perch,anticipation
remainder,anticipation
stay,anticipation
respite,anticipation
pillow,anticipation
rest,anticipation
healthy,like
goodly,like
guarantee,like
undertake,like
girl,disgust
mooring,disgust
position,disgust
moor,disgust
berth,disgust
strongly,like
powerfully,like
horrified,fear
ache,sadness
hurt,sadness
safety,calmness
guard,calmness
condom,calmness
base_hit,calmness
acute,anticipation
acute_accent,anticipation
acuate,anticipation
dribble,ambiguous
fell,ambiguous
devolve,ambiguous
spend,ambiguous
sink,ambiguous
drop_curtain,ambiguous
dismiss,ambiguous
dangle,ambiguous
flatten,ambiguous
shed,ambiguous
drop,ambiguous
cliff,ambiguous
neglect,ambiguous
democratic,like
popular,like
cast-off,disgust
quick,like
ardent,like
strong,like
warm,like
affectionate,like
running,like
functional,like
unhesitatingly,calmness
complex,disgust
building_complex,disgust
parlous,disgust
long-winded,disgust
faint,anger
diffident,anger
timid,anger
benefice,love
beneficed,love
biography,hope
punch-drunk,disgust
commitment,love
loyalty,love
expectation,anticipation
arithmetic_mean,anticipation
repugnance,disgust
incompatibility,disgust
complacency,joy
plaintively,sadness
protect,calmness
protected,calmness
stale,disgust
hemipterous_insect,fear
guilty,fear
difficulty,disgust
continue,like
retain,like
cover,like
proceed,like
nearby,like
encourage,hope
promote,hope
placidity,calmness
fortunately,joy
excessively,anticipation
frustration,disgust
passing,sadness
exit,sadness
forlornly,sadness
undedicated,despair
aftermath,disgust
wake_island,disgust
wake,disgust
wake_up,disgust
inflame,disgust
awaken,disgust
gall,disgust
bile,disgust
crust,disgust
chafe,disgust
saddle_sore,disgust
unreasonable,disgust
excessive,disgust
securely,anticipation
advertise,joy
promote,joy
outdo,like
best,like
gratification,joy
prince,like
encouraging,hope
abuse,disgust
exclaim,disgust
all_in,disgust
pulsate,disgust
rhythm,disgust
outwit,disgust
meter,disgust
beatnik,disgust
pulse,disgust
drum,disgust
beat,disgust
tick,disgust
creep,fear
crawl,fear
sneak,fear
creeps,fear
reshape,disgust
liveliness,hope
animation,hope
life_sentence,hope
life,hope
oppressive,sadness
furiously,disgust
military_unit,ambiguous
cool,disgust
aplomb,disgust
spectator,anticipation
witness,anticipation
eager,joy
tidal_bore,joy
superior,like
ranking,like
lake_superior,like
victor,like
superscript,like
irascibility,disgust
engage,anticipation
prosecute,anticipation
betroth,anticipation
engaging,anticipation
hire,anticipation
lease,anticipation
absorb,anticipation
glare,fear
blaze_away,fear
blaze,fear
stewing,anger
stew,anger
boiling,anger
mystery,surprise
wary,anticipation
leery,anticipation
negociate,anticipation
negotiate,anticipation
pull_off,anticipation
sourness,disgust
off,disgust
sour,disgust
plaintiveness,sadness
detail,like
detailed,like
animosity,disgust
festival,joy
grouch,disgust
murmur,disgust
rumble,disgust
grumble,disgust
malodor,disgust
hysteria,fear
admire,like
grievously,sadness
discard,like
qualify,like
smile,like
affect,fear
come_to,fear
assume,fear
fall,fear
mint,fear
rap,fear
hit,fear
strike,fear
fall_upon,fear
strickle,fear
discomfiture,anger
music,like
uncover,anticipation
misanthropic,disgust
cynical,disgust
sunlight,like
injure,disgust
hurt,disgust
take_office,like
heavyheartedness,sadness
worry,anticipation
care,anticipation
caution,anticipation
wish,anticipation
concern,anticipation
manage,anticipation
unhappily,sadness
all_in,fear
pulsate,fear
rhythm,fear
outwit,fear
exhaust,fear
meter,fear
perplex,fear
beatnik,fear
pulse,fear
drum,fear
beat,fear
tick,fear
bad_temper,disgust
regard,like
violator,disgust
convinced,calmness
convert,calmness
challenge,fear
baneful,fear
madly,fear
deadly,fear
edginess,anger
wrathfully,disgust
intimidate,fear
enthusiasm,joy
rebuff,disgust
hand_brake,fear
emergency,fear
succeed,like
bland,disgust
vapid,disgust
gratefulness,like
relish,fear
slap,fear
big_h,fear
smack,fear
phenomenal,love
procure,anticipation
secure,anticipation
batten,anticipation
guarantee,anticipation
plug,anticipation
impregnable,anticipation
dependable,anticipation
feverishly,ambiguous
scruple,anger
asexual,hate
bright,hope
aspirant,hope
hopeful,hope
astute,disgust
acuate,disgust
abrupt,disgust
sharp,disgust
acute,disgust
shrill,disgust
crisp,disgust
sharply,disgust
benevolence,love
tease,disgust
wiretap,disgust
hemipterous_insect,disgust
microbe,disgust
bug,disgust
neurotic,anger
enroll,joy
insert,joy
record,joy
accede,joy
embark,joy
enter,joy
figure,joy
atrocious,anger
gap,disgust
crack_up,disgust
break_through,disgust
wisecrack,disgust
shot,disgust
crevice,disgust
snap,disgust
ace,disgust
identify,anticipation
spot,anticipation
distinguish,anticipation
signalize,anticipation
cheerfully,joy
baneful,sadness
madly,sadness
deadly,sadness
stormy,anger
bore,sadness
blase,sadness
bored,sadness
irritate,hate
annoy,hate
stupefying,surprise
throb,disgust
shudder,disgust
immediate,like
promptly,like
agile,like
smuggling,disgust
smuggle,disgust
parentage,calmness
birth,calmness
parturition,calmness
give_birth,calmness
sabotage,disgust
sympathetically,like
blasphemous,hate
bluing,hate
blue,hate
gloomy,hate
blue_sky,hate
amobarbital_sodium,hate
aristocratic,hate
scent,disgust
wind,disgust
wreathe,disgust
hoist,disgust
optimism,hope
clang,fear
barge_in,fear
doss,fear
crash,fear
lineal,like
steer,like
conduct,like
calculate,like
directly,like
lead,like
send,like
target,like
mastermind,like
direct,like
address,like
concert,like
gorgeous,joy
ungratefully,disgust
commute,disgust
permute,disgust
change,disgust
fleshiness,disgust
censure,disgust
reprimand,disgust
excommunication,disgust
president_of_the_united_states,anticipation
accuracy,anticipation
animate,like
refurbish,like
renovate,like
curious,surprise
clandestine,ambiguous
privy,ambiguous
mysterious,ambiguous
hidden,ambiguous
confidential,ambiguous
secret,ambiguous
mystery,ambiguous
unavowed,ambiguous
unpopular,disgust
tarnish,disgust
stain,disgust
stained,disgust
hopefully,hope
intimidated,fear
foreplay,love
arousal,love
celebration,joy
indirect,disgust
collateral,disgust
greens,disgust
k,disgust
green,disgust
fleeceable,disgust
park,disgust
bury,sadness
immerse,sadness
forget,sadness
bucked_up,hope
tip_off,anticipation
topple,anticipation
lean,anticipation
tiptoe,anticipation
gratuity,anticipation
tap,anticipation
businesslike,anticipation
earnest,anticipation
choleric,disgust
restful,like
dapper,like
snappy,like
alert,like
snappish,like
pallidly,disgust
dimly,disgust
booming,anticipation
smash,anticipation
thunder,anticipation
boom,anticipation
ease,calmness
easiness,calmness
stupefaction,surprise
grogginess,surprise
tired,disgust
run_down,disgust
bore,disgust
joyous,joy
cruddy,disgust
filthy,disgust
surprisingly,surprise
beneficent,love
nauseated,disgust
diversify,anticipation
available,like
skilled,like
cheer,anger
urge,anger
recommend,anger
unfree,disgust
handily,like
narrow-minded,disgust
specialize,disgust
constrict,disgust
minute,disgust
narrow,disgust
pin_down,disgust
inappropriately,disgust
happily,joy
rearward,disgust
invert,disgust
reversion,disgust
inverse,disgust
turn_back,disgust
change_by_reversal,disgust
overrule,disgust
revoke,disgust
advantage,like
wonder,surprise
curiosity,surprise
lovely,love
legal,like
adequate,calmness
tolerable,calmness
kindly,like
collectible,disgust
cryptic,ambiguous
luck,hope
fortune,hope
captivated,like
charm,love
capture,love
charming,love
outstanding,anticipation
great,anticipation
falsehood,disgust
falsification,disgust
shamefacedly,disgust
atrocious,sadness
grievous,sadness
grave,sadness
realistic,like
naturalistic,like
corrupt,sadness
demoralizing,sadness
demoralize,sadness
attack,fear
assail,fear
approach,fear
avarice,disgust
covetousness,disgust
sensational,like
arresting,like
voltaic_pile,like
atomic_pile,like
throng,like
down,like
batch,like
stack,like
artificial,disgust
bizarre,surprise
huffiness,disgust
quarrel,disgust
challenge,disgust
dispute,disgust
collision,sadness
likely,anticipation
probably,anticipation
probable,anticipation
tidal_bore,disgust
behave,disgust
bear,disgust
have_a_bun_in_the_oven,disgust
hold,disgust
give_birth,disgust
leave_office,disgust
available,anticipation
dangerous,anger
mangle,fear
low-cost,like
worth,like
deserving,like
athirst,joy
discouragement,fear
depress,fear
blasphemous,sadness
bluing,sadness
blue_sky,sadness
amobarbital_sodium,sadness
aristocratic,sadness
cancer,fear
private,like
secret,like
individual,like
kind,anticipation
smart,like
ache,like
shopping,like
expectantly,ambiguous
devote,love
give,love
devoted,love
mournfully,sadness
begin,like
get_down,like
difficult,anger
unmanageable,anger
jamming,disgust
jam,disgust
throng,disgust
crush,disgust
heartburning,disgust
civilize,like
civilized,like
illness,disgust
compete,fear
cope,fear
argue,fear
contest,fear
undesirable,fear
low,sadness
depressive_disorder,sadness
depression,sadness
natural_depression,sadness
flightiness,surprise
united_states_army,ambiguous
ladder,anticipation
race,anticipation
political_campaign,anticipation
operate,anticipation
discharge,anticipation
campaign,anticipation
footrace,anticipation
move,anticipation
test,anticipation
rivulet,anticipation
hunt,anticipation
ply,anticipation
prevail,anticipation
tend,anticipation
carry,anticipation
guide,anticipation
play,anticipation
streak,anticipation
melt,anticipation
manufacture,hope
reconstruct,hope
construct,hope
concept,hope
incompatibly,disgust
pessimistic,despair
detestably,disgust
unfortunately,sadness
plagiarist,fear
commandeer,fear
pirate,fear
infuriation,disgust
sulkiness,disgust
affected_role,calmness
patient,calmness
nonalignment,disgust
absurd,disgust
surprising,surprise
unhealthy,disgust
insalubrious,disgust
difficult,disgust
hard,disgust
heavily,disgust
intemperate,disgust
unvoiced,disgust
arduous,disgust
inhospitable,disgust
vivification,hope
offish,disgust
world-weariness,sadness
injured,sadness
injure,sadness
grudging,disgust
expensive,disgust
adieu,sadness
humiliate,disgust
chagrin,disgust
union,like
brotherhood,like
refreshment,anticipation
downheartedness,sadness
evacuate,ambiguous
dispossess,sadness
dispossessed,sadness
confidence,calmness
assurance,calmness
absolutely,anticipation
thoroughly,love
full,love
commodity,love
good,love
beneficial,love
well,love
estimable,love
dear,love
dependable,love
adept,love
effective,love
drilling,disgust
leadership,like
run,like
leave,like
head,like
ahead,like
precede,like
moderate,like
contribute,like
castle,like
palace,like
superintendent,joy
overseer,joy
guffaw,joy
belly_laugh,joy
hand-held,disgust
improvised,disgust
improvise,disgust
degage,disgust
detach,disgust
detached,disgust
safe,calmness
child,love
painfully,anger
patiently,calmness
disappointment,disgust
hardhearted,fear
fabulous,like
cash,like
cabalistic,surprise
cryptic,surprise
unemotional,disgust
restrained,disgust
unenthusiastic,sadness
nausea,disgust
bullet,fear
bullet_train,fear
fastball,fear
unassertively,fear
civilian,like
neglected,disgust
ignored,disgust
commotion,ambiguous
tumult,ambiguous
cynicism,sadness
hideously,fear
forlorn,sadness
untrained,disgust
disappointing,disgust
disappoint,disgust
quixotic,love
fatalist,disgust
laugh,joy
inflame,anger
heating_system,anger
hotness,anger
heat,anger
estrus,anger
harmonize,anticipation
agreement,anticipation
teacher,anticipation
fearlessly,calmness
cope,like
wangle,like
do,like
wield,like
oversee,like
manage,like
pull_off,like
realization,like
recognition,like
frustration,sadness
defeat,sadness
buck_fever,ambiguous
steep,disgust
exorbitant,disgust
crusade,anger
shake,anger
stir,anger
agitate,anger
provoke,ambiguous
induce,ambiguous
unfriendliness,disgust
pain,disgust
deck,disgust
dump,disgust
plunge,disgust
shit,disgust
defensive,calmness
promise,anticipation
pedestrian,disgust
comforting,joy
unserviceable,disgust
cooling_system,disgust
sane,like
reasonable,like
cycle,like
rhythm_method_of_birth_control,like
rhythm,like
exult,joy
blithe,joy
tax,disgust
empathic,like
ailment,disgust
ill,disgust
extraneous,ambiguous
alien,ambiguous
foreign,ambiguous
strident,disgust
bury,anger
sinking,anger
dip,anger
slump,anger
sink,anger
antic,like
clown,like
wrong,disgust
damage,disgust
sin,disgust
jocundity,joy
gratifyingly,joy
boost,hope
encouragement,hope
dishonest,disgust
dishonorable,disgust
elation,joy
harp,hope
brood,hope
dwell,hope
populate,hope
dwelling,hope
university,hope
peace,fear
hilariously,joy
kidnap,fear
bold,calmness
bluff,calmness
boldface,calmness
fierce,disgust
crimson,disgust
violent,disgust
masterpiece,like
credibility,anticipation
darkly,disgust
beneficence,love
bleakly,hope
shyly,fear
buffoonery,disgust
bagatelle,disgust
frivolity,disgust
atonement,joy
satisfaction,joy
titillation,joy
artful,disgust
disingenuous,disgust
displeased,disgust
aseptic,disgust
sterile,disgust
optimistically,hope
eldritch,disgust
ideal,like
inaugural,anticipation
inauguration,anticipation
inaugural_address,anticipation
counteract,disgust
sufficient,anticipation
securely,calmness
cockamamie,disgust
farcical,disgust
horniness,like
hotness,like
slowly,disgust
slow,disgust
behind,disgust
decelerate,disgust
proper,hope
extradite,fear
stall,sadness
procrastinate,sadness
carrel,sadness
booth,sadness
imprison,sadness
jail,sadness
disapproving,disgust
call_on_the_carpet,disgust
rag,disgust
ragged,disgust
shuffle,anticipation
create,anticipation
lay_down,anticipation
have,anticipation
cause,anticipation
draw,anticipation
form,anticipation
do,anticipation
construct,anticipation
name,anticipation
take,anticipation
induce,anticipation
produce,anticipation
brand,anticipation
hold,anticipation
stool,anticipation
gain,anticipation
depressing,sadness
allow,like
perfective,like
perfect,like
fair,like
meager,disgust
hopelessness,despair
madly,disgust
insanely,disgust
spy,anticipation
descry,anticipation
melodramatic,ambiguous
histrionic,ambiguous
unfavorably,disgust
genitalia,disgust
miserably,sadness
misology,disgust
leader,hope
drawing_card,hope
vaccine,hope
absolute,anticipation
arrogant,disgust
seriously,anticipation
badly,anticipation
ruefully,sadness
regenerate,like
reincarnate,like
renewed,like
softhearted,like
benevolently,love
bleaching_agent,disgust
patch,disgust
patched,disgust
piece,disgust
dependant,disgust
dependent,disgust
pendent,disgust
subject,disgust
anticipator,ambiguous
anticipant,ambiguous
excite,joy
exciting,joy
arouse,joy
stimulate,joy
agitate,joy
worryingly,anger
cartoon,joy
epicurean,like
hedonic,like
epicure,like
forlornness,sadness
craftily,disgust
useless,disgust
blistering,ambiguous
hot,ambiguous
nearness,like
natural_process,disgust
legal_action,disgust
carry_through,disgust
action,disgust
military_action,disgust
wonderfully,like
stupid,disgust
unintelligent,disgust
total_darkness,hope
black,hope
bootleg,hope
blacken,hope
exultation,joy
able,anticipation
condemnable,anger
convict,sadness
inaccuracy,disgust
advertise,like
knife,fear
tongue,fear
lividly,disgust
bantam,disgust
weapon,fear
fagot,disgust
curious,disgust
queer,disgust
gay,disgust
pick,disgust
gutsiness,disgust
pluck,disgust
hustle,disgust
disorderliness,disgust
disorder,disgust
inventor,anticipation
dusty,hate
cold,hate
inconvenience,disgust
troublesomeness,disgust
euphoric,joy
simulate,disgust
challenge,anticipation
joylessness,joy
scare,fear
full_of_life,like
bouncy,like
lively,like
fulfillment,joy
kyd,joy
child,joy
kid,joy
pull_the_leg_of,joy
farce,ambiguous
forcemeat,ambiguous
identify,like
name,like
commodious,like
convenient,like
memorable,like
cooling,fear
chilling,fear
inefficient,disgust
discontinue,disgust
self-consciousness,disgust
misogamy,disgust
renege,disgust
basic,anticipation
attraction,joy
drawing_card,joy
hedge,disgust
liberation,anticipation
dismissal,anticipation
optimistic,hope
affirmative,hope
nauseating,fear
dysphemistic,fear
offensive,fear
unsavory,fear
nonchalance,disgust
unconcern,disgust
outbreak,disgust
rocket,fear
naivete,disgust
blues,sadness
shyness,fear
cancellation,disgust
story,joy
history,joy
report,joy
narrative,joy
floor,joy
fib,joy
overprice,disgust
okay,like
harmonize,like
accord,like
treaty,like
dissatisfy,sadness
faulty,disgust
amiss,disgust
incorrectly,disgust
incorrect,disgust
improper,disgust
ill-timed,disgust
blot,disgust
dirt,disgust
mark,disgust
self-consciously,disgust
empathy,like
appalling,disgust
dismay,disgust
abashed,disgust
be_born,joy
halt,disgust
catch,disgust
strange,disgust
foreign,disgust
exuberant,joy
excessive,joy
terror,fear
distressfully,anger
mouse,fear
shiner,fear
trepidation,fear
tendency,like
dip,like
tilt,like
inclination,like
ahead,hope
grateful,like
aggressive,disgust
adventitious,fear
acquire,like
win,like
winnings,like
hangdog,fear
bleak,disgust
revenge,fear
proactive,anticipation
personable,like
demoralized,sadness
uninteresting,disgust
oppression,sadness
jest,ambiguous
antic,ambiguous
joke,ambiguous
harassment,disgust
purpose,like
invention,like
blueprint,like
design,like
plan,like
dwell,disgust
inhabit,disgust
populate,disgust
refreshingly,like
disgustedly,disgust
slowly,calmness
comfortable,calmness
easily,calmness
easy,calmness
noisy,disgust
circumscribed,disgust
limited,disgust
express,disgust
edit,disgust
delete,disgust
erase,disgust
relax,joy
slack,joy
loosen,joy
anxiously,fear
abashment,disgust
maleficent,disgust
confusing,disgust
antibiotic,anticipation
insincere,disgust
dab,like
tap,like
bomber,calmness
champion,calmness
hero,calmness
smash,anger
hit,anger
bang_up,anger
bankrupt,anger
overhead,anger
knock,anger
crush,anger
graveness,fear
gravity,fear
coldhearted,disgust
confine,disgust
restrain,disgust
enclose,disgust
desquamate,disgust
peel_off,disgust
assertively,calmness
drollery,joy
comedy,joy
displeasingly,disgust
delight,joy
enjoy,joy
love,joy
graciously,like
olive-drab,disgust
tone,like
chant,like
misfortune,disgust
despair,sadness
despairing,sadness
seize,fear
impound,fear
grab,fear
trap,disgust
hole,disgust
drunkard,disgust
drunk,disgust
drink,disgust
toast,disgust
drink_in,disgust
anguish,disgust
badgering,disgust
torture,disgust
agony,disgust
low,ambiguous
depleted,ambiguous
moo,ambiguous
abject,ambiguous
gloomy,ambiguous
broken,ambiguous
first_gear,ambiguous
actual,like
literate,like
aggravation,disgust
dated,disgust
go_steady,disgust
date,disgust
abominable,disgust
rectify,hope
redress,hope
remedy,hope
homicidal,disgust
fantastic,love
antic,love
electrifying,ambiguous
electrify,ambiguous
rejoicing,joy
murder,ambiguous
mangle,ambiguous
black,fear
fatal,fear
finale,disgust
close_up,disgust
airless,disgust
near,disgust
conclude,disgust
stopping_point,disgust
cheeseparing,disgust
agitated,ambiguous
ready,like
cook,like
fix,like
incrimination,disgust
blasted,disgust
survivor,anticipation
crusade,disgust
shake,disgust
stir,disgust
angrily,disgust
carefree,joy
discouraging,disgust
total_darkness,fear
bootleg,fear
blacken,fear
credible,hope
stunt,surprise
gusto,joy
randomness,disgust
noise,disgust
make_noise,disgust
unassertive,anger
tease,joy
teased,joy
exploitative,disgust
abhorrence,disgust
determent,fear
bullying,fear
intimidation,fear
nonslippery,calmness
nonviolent,like
